{
  "baseline": "20250701_045559",
  "loop": 2,
  "reason": "without_reason",
  "refined": 122,
  "new_alignment": 30,
  "fp": 1,
  "fn": 91,
  "accuracy": 0.583710407239819,
  "balanced_accuracy": 0.29318181818181815,
  "mcc": -0.056407607481776624
}