{
  "baseline": "20250701_045559",
  "loop": 1,
  "reason": "without_reason",
  "refined": 222,
  "new_alignment": 99,
  "fp": 1,
  "fn": 121,
  "accuracy": 0.5080645161290323,
  "balanced_accuracy": 0.699271192942079,
  "mcc": 0.1643676906007485
}