{
  "baseline": "20250701_131629",
  "loop": 2,
  "reason": "without_reason",
  "refined": 98,
  "new_alignment": 12,
  "fp": 2,
  "fn": 84,
  "accuracy": 0.44155844155844154,
  "balanced_accuracy": 0.5873287671232876,
  "mcc": 0.07864977858349556
}