{
  "baseline": "20250704_090607",
  "loop": 1,
  "reason": "with_reason",
  "refined": 238,
  "new_alignment": 92,
  "fp": 0,
  "fn": 145,
  "accuracy": 0.41767068273092367,
  "balanced_accuracy": 0.6940928270042194,
  "mcc": 0.1722505183467054
}