{
  "baseline": "20250701_031705",
  "loop": 1,
  "reason": "with_reason",
  "refined": 227,
  "new_alignment": 146,
  "fp": 1,
  "fn": 79,
  "accuracy": 0.678714859437751,
  "balanced_accuracy": 0.7916666666666666,
  "mcc": 0.2600529430588528
}